personId,firstName_x,familyName,Pos,team_id
202390,Gary,Neal,,ATL
203527,Ryan,Kelly,,ATL
101198,Will,Bynum,,ATL
200751,Randy,Foye,SG,BKN
202349,Greivis,Vasquez,,BKN
2449,Luis,Scola,,BKN
203120,Justin,Hamilton,C,BKN
203268,Jorge,Gutierrez,,BKN
201978,Chase,Budinger,,BKN
1627862,Beau,Beech,,BKN
1627865,Egidijus,Mockevicius,,BKN
1627882,Andrew,Andrews,,CHA
1627881,Rasheed,Sulaimon,,CHA
1627768,Perry,Ellis,,CHA
203148,Brian,Roberts,PG,CHA
1627861,Mike,Tobey,,CHA
1627938,J.J.,Avila,,CHI
1627843,Thomas,Walkup,,CHI
1627886,D'Vauntes,Smith-Rivera,,CHI
204002,Edy,Tavares,,CLE
202336,Larry,Sanders,,CLE
2365,Chris,Andersen,,CLE
2399,Mike,Dunleavy,SF,CLE
203928,Cory,Jefferson,,CLE
1626182,Jonathan,Holmes,,CLE
2563,Dahntay,Jones,,CLE
2592,James,Jones,SF,CLE
202412,Manny,Harris,,DAL
1627791,Ben,Bentil,,DAL
203510,Pierre,Jackson,,DAL
1627902,Jaleel,Cousins,,DAL
1627867,Keith,Hornsby,,DAL
101114,Deron,Williams,PG,DAL
2034,Mike,Miller,,DEN
203133,Robbie,Hummel,,DEN
202810,D.J.,Kennedy,,DEN
203492,Ray,McCallum,,DET
1627887,Trey,Freeman,,DET
1627771,Michael,Gbinije,,DET
1627888,Nikola,Jovanovic,,DET
202343,Elliot,Williams,,GSW
202841,Cameron,Jones,,GSW
203515,Phil,Pressey,,GSW
1627765,Elgin,Cook,,GSW
1627954,Scott,Wood,,GSW
203143,Pablo,Prigioni,,HOU
203798,PJ,Hairston,,HOU
202338,Kevin,Seraphin,,IND
101145,Monta,Ellis,SG,IND
201155,Rodney,Stuckey,,IND
1626176,Rakeem,Christmas,,IND
1627878,Nick,Zeisloft,,IND
101138,Brandon,Bass,PF,LAC
101187,Alan,Anderson,,LAC
1718,Paul,Pierce,,LAC
2748,Dorell,Wright,,LAC
1626273,Marcelo,Huertas,,LAL
201146,Jianlian,Yi,,LAL
1627829,Julian,Jacobs,,LAL
1627811,Zach,Auguste,,LAL
1897,Metta,World Peace,,LAL
201962,Toney,Douglas,,MEM
203919,Jordan,Adams,,MEM
203100,Tony,Wroten,,MEM
204039,Chris,Crawford,,MEM
201579,Roy,Hibbert,C,MIL
201150,Spencer,Hawes,PF,MIL
203111,Orlando,Johnson,,MIL
1626266,JJ,O'Brien,,MIL
200779,Steve,Novak,,MIL
1626294,Jaleel,Roberts,,MIL
2446,Rasual,Butler,,MIN
201941,Jordan,Hill,,MIN
101249,John,Lucas III,,MIN
203315,Toure',Murry,,MIN
201593,Nikola,Pekovic,,MIN
203142,Chris,Copeland,,NOP
1627873,Shawn,Dawson,,NOP
202087,Alonzo,Gee,,NOP
203135,Robert,Sacre,,NOP
203921,Cleanthony,Early,,NYK
203996,Damien,Inglis,,NYK
1626254,Maurice,Ndour,,NYK
2756,Sasha,Vujacic,,NYK
1626160,JP,Tokoto,,NYK
200811,Lou,Amundson,,NYK
202708,Norris,Cole,,OKC
202130,Reggie,Williams,,OKC
1627818,Kaleb,Tarczewski,,OKC
203956,Mitch,McGary,,OKC
201228,C.J.,Watson,PG,ORL
202620,Arinze,Onuaku,,ORL
203122,Kevin,Murphy,,ORL
1626183,Branden,Dawson,,ORL
202712,Justin,Harper,,PHI
201168,Tiago,Splitter,,PHI
1627760,Cat,Barber,,PHI
201945,Gerald,Henderson,SG,PHI
200771,Sergio,Rodriguez,,PHI
1627848,Shawn,Long,,PHI
1882,Elton,Brand,,PHI
101179,Ronnie,Price,,PHX
2571,Leandro,Barbosa,SG,PHX
1627836,Gracin,Bakumanya,,PHX
1627496,Derek,Cooke Jr.,,PHX
201880,Greg,Stiemsma,,POR
203511,Grant,Jerrett,,POR
203105,Festus,Ezeli,,POR
203934,Lamar,Patterson,,SAC
2440,Matt,Barnes,SF,SAC
200770,Jordan,Farmar,,SAC
101135,David,Lee,PF,SAS
1627879,Nicolas,Laprovittola,,SAS
203520,Livio,Jean-Charles,,SAS
1627868,Patricio,Garino,,SAS
203096,Jared,Sullinger,,TOR
203990,Drew,Crawford,,TOR
204029,Brady,Heslip,,TOR
1626213,Yanick,Moreira,,TOR
203560,E.J.,Singler,,TOR
2564,Boris,Diaw,PF,UTA
203187,Chris,Johnson,,UTA
201286,Eric,Dawson,,UTA
1627880,Quincy,Ford,,UTA
203156,Henry,Sims,,UTA
201977,Marcus,Thornton,,WAS
203094,Andrew,Nicholson,,WAS
203810,Casper,Ware,,WAS
1628510,Andrew,White III,,ATL
1627098,Malcolm,Delaney,PG,ATL
1627852,Nicolas,Brussino,,ATL
202379,Jeremy,Evans,,ATL
1628535,Jordan,Mathews,,ATL
1627821,James,Webb III,,BKN
1627785,Isaiah,Whitehead,PG,BKN
1628473,Yakuba,Ouattara,,BKN
204064,Akil,Mitchell,,BKN
1628496,Jeremy,Senglin,,BKN
1628451,Jacob,Wiley,,BKN
203499,Shane,Larkin,PG,BOS
1962937755,Paige,Marcus,,CHA
202933,Julyan,Stone,,CHA
203948,Johnny,O'Bryant III,,CHA
1628493,Mangok,Mathiang,,CHA
1627779,Marcus,Paige,,CHA
1628516,Terry,Henderson,,CHA
1628517,Luke,Petrasek,,CHA
1628494,T.J.,Williams,,CHA
1627835,Paul,Zipser,SF,CHI
204067,Jarell,Eddie,,CHI
1628575,Jaylen,Johnson,,CHI
1628460,Bronson,Koenig,,CHI
1627754,Diamond,Stone,,CHI
2570,Kendrick,Perkins,,CLE
1626151,Aaron,Harrison,,DAL
1627866,Jameel,Warney,,DAL
1628492,Gian,Clavell,,DAL
203146,Maalik,Wayns,,DAL
1626165,Brandon,Ashley,,DAL
203481,Jeff,Withey,C,DAL
201177,Josh,McRoberts,,DAL
2210,Richard,Jefferson,SF,DEN
2735,Josh,Childress,,DEN
1627770,Kay,Felder,PG,DET
202779,Dwight,Buycks,,DET
1626242,Luis,Montero,,DET
1628477,Landry,Nnoko,,DET
2757,Beno,Udrih,,DET
1628491,Derek,Willis,,DET
2561,David,West,C,GSW
1628935,Aaron,Jackson,,HOU
1627817,Tim,Quarterman,,HOU
204028,Tarik,Black,C,HOU
201628,Bobby,Brown,,HOU
2863,Damien,Wilkins,,IND
2744,Al,Jefferson,C,IND
1626202,Joe,Young,PG,IND
203199,DeQuan,Jones,,IND
203590,Trey,McKinney-Jones,,IND
1628528,Ike,Iroegbu,,LAC
203966,Jamil,Wilson,,LAC
203186,Willie,Reed,C,LAC
1628176,LaDontae,Henton,,LAC
202682,Derrick,Williams,PF,LAL
203898,Tyler,Ennis,PG,LAL
203505,Vander,Blue,,LAL
1628431,V.J.,Beachem,,LAL
1627757,Stephen,Zimmerman,,LAL
203104,Marquis,Teague,,MEM
1627744,Brice,Johnson,,MEM
1628677,Durand,Scott,,MEM
201148,Brandan,Wright,,MEM
201596,Mario,Chalmers,PG,MEM
1627825,Rade,Zagorac,,MEM
1626205,Vincent,Hunter,,MEM
1628456,Jeremy,Morgan,,MEM
202337,Luke,Babbitt,SF,MIA
203183,Tony,Mitchell,,MIA
1628475,Matt,Williams Jr.,,MIA
1626175,Jordan,Mickey,,MIA
1627773,AJ,Hammons,,MIA
201943,Brandon,Jennings,PG,MIL
1627850,Marshall,Plumlee,,MIL
203930,Sean,Kilpatrick,SG,MIL
204098,Xavier,Munford,,MIL
201575,Brandon,Rush,SG,MIL
203141,Mirza,Teletovic,,MIL
201202,Joel,Anthony,,MIL
203088,Kendall,Marshall,,MIL
1891,Jason,Terry,SG,MIL
201166,Aaron,Brooks,PG,MIN
202332,Cole,Aldrich,C,MIN
1628453,Melo,Trimble,,MIN
2746,Josh,Smith,,NOP
2749,Jameer,Nelson,PG,NOP
1626146,Cliff,Alexander,,NOP
202348,Jordan,Crawford,,NOP
2754,Tony,Allen,SG,NOP
203103,Perry,Jones III,,NOP
1628504,Xavier,Rathan-Mayes,,NYK
1627851,Mindaugas,Kuzminskas,SF,NYK
1628734,Yannis,Morin,,OKC
202874,Chris,Wright,,OKC
1626177,Dakari,Johnson,,OKC
202713,Kyle,Singler,,OKC
203900,Markel,Brown,,OKC
203902,Semaj,Christon,PG,OKC
2555,Nick,Collison,,OKC
1628577,Rashawn,Thomas,,OKC
1626173,Rashad,Vaughn,SG,ORL
201578,Marreese,Speights,C,ORL
204014,Damjan,Rudez,,ORL
201167,Arron,Afflalo,SG,ORL
203940,Adreian,Payne,,ORL
203580,Larry,Drew II,,PHI
203923,James,Young,,PHI
202344,Trevor,Booker,PF,PHI
2743,Kris,Humphries,PF,PHI
203949,James Michael,McAdoo,PF,PHI
1626643,Jacob,Pullen,,PHI
1628511,James,Blackmon Jr.,,PHI
1628514,Peter,Jok,,PHX
202407,Elijah,Millsap,,PHX
1628409,Alec,Peters,,PHX
203462,Archie,Goodwin,,POR
201627,Anthony,Morrow,SG,POR
200766,Marcus,Williams,,SAC
1628512,Matt,Jones,,SAC
1627834,Georgios,Papagiannis,,SAC
204022,Jack,Cooley,,SAC
1962937827,Matt,Matt,,SAC
1938,Manu,Ginobili,,SAS
203530,Joffrey,Lauvergne,PF,SAS
203464,Brandon,Paul,SG,SAS
1627856,Matt,Costello,,SAS
1626199,Darrun,Hilliard,,SAS
1628502,Nigel,Hayes,,TOR
204310,Davion,Berry,,TOR
203512,Lucas,Nogueira,C,TOR
202360,Andy,Rautins,,TOR
1627787,Kyle,Wiltjer,,TOR
1628452,Kennedy,Meeks,,TOR
1628571,Erik,McCree,,UTA
1628680,Torian,Graham,,UTA
1627762,Joel,Bolomboy,,UTA
1628579,Taylor,Braun,,UTA
203547,Eric,Griffin,,UTA
203489,Nate,Wolters,,UTA
201951,Ty,Lawson,PG,WAS
201196,Ramon,Sessions,PG,WAS
1626191,Chris,McCullough,,WAS
1627849,Daniel,Ochefu,,WAS
203467,Carrick,Felix,,WAS
1628454,Mike,Young,,WAS
1627738,Deyonta,Davis,C,ATL
1627816,Alex,Poythress,,ATL
1629190,C.J.,Anderson,,ATL
203080,Thomas,Robinson,PF,ATL
1626210,Alan,Williams,C,BKN
1629245,Nuni,Omot,,BKN
1626780,Jonathan,Gibson,,BOS
1626154,RJ,Hunter,,BOS
1627875,Marcus,Georges-Hunt,SG,BOS
1627824,Guerschon,Yabusele,PF,BOS
1629167,Justin,Bibbs,,BOS
1628444,Jabari,Bird,,BOS
1629165,Nick,King,,BOS
1629166,Jeff,Roberson,,BOS
2225,Tony,Parker,PG,CHA
1628965,Jaylen,Barford,,CHA
1629146,Zach,Smith,,CHA
1629145,Isaiah,Wilkins,,CHA
1628469,Antonio,Blakeney,SG,CHI
201600,Omer,Asik,,CHI
1629009,Billy,Preston,,CLE
101112,Channing,Frye,C,CLE
204066,John,Holland,,CLE
2734,Devin,Harris,PG,DAL
1626257,Salah,Mejri,C,DAL
1629142,Yanyuhang,Ding,,DAL
1629149,Codi,Miller-McIntyre,,DAL
1717,Dirk,Nowitzki,PF,DAL
201156,Nick,Young,SG,DEN
202918,Xavier,Silas,,DEN
202388,Donald,Sloan,,DEN
2585,Zaza,Pachulia,C,DET
1629155,Zach,Lofton,,DET
101181,Jose,Calderon,,DET
1629037,Keenan,Evans,,DET
1629148,Johnny,Hamilton,,DET
202720,Jon,Leuer,PF,DET
101106,Andrew,Bogut,,GSW
201973,Jonas,Jerebko,PF,GSW
2733,Shaun,Livingston,PG,GSW
203093,Terrence,Jones,PF,HOU
202702,Kenneth,Faried,PF,HOU
1629285,Angel,Rodriguez,,HOU
1629260,Tim,Bond,,HOU
1627753,Zhou,Qi,,HOU
1629102,Brandon,Sampson,,HOU
201954,Darren,Collison,PG,IND
201936,Tyreke,Evans,PG,IND
204179,Omari,Johnson,,IND
1628500,Ben,Moore,,IND
1629136,Elijah,Stewart,,IND
101162,Marcin,Gortat,C,LAC
1629184,Desi,Rodriguez,,LAC
1629116,Angel,Delgado,,LAC
1628462,Milos,Teodosic,,LAC
203159,Scott,Machado,,LAL
201281,Andre,Ingram,,LAL
202362,Lance,Stephenson,SG,LAL
201563,Michael,Beasley,PF,LAL
204037,Travis,Wear,,LAL
1629137,Joel,Berry,,LAL
1629050,Jeffrey,Carroll,,LAL
1628416,Tyler,Dorsey,SG,MEM
1627395,Julian,Washburn,,MEM
1627782,Wayne,Selden,SG,MEM
202714,Shelvin,Mack,PG,MEM
201956,Omri,Casspi,SF,MEM
202705,MarShon,Brooks,,MEM
1629156,Markel,Crawford,,MEM
1629078,Doral,Moore,,MEM
203474,DJ,Stephens,,MEM
204192,Raphiael,Putney,,MIA
1628681,Rodney,Purvis,,MIA
2548,Dwyane,Wade,SG,MIA
1628429,Charles,Cooke,,MIA
202732,DeAndre,Liggins,SG,MIA
203950,Jarnell,Stokes,,MIA
1627362,Briante,Weber,,MIA
1629045,Bonzie,Colson,,MIL
203498,Shabazz,Muhammad,SF,MIL
1628537,Jaylen,Morris,,MIL
1628979,Trevon,Duval,,MIL
1628249,Mitchell,Creek,,MIN
2736,Luol,Deng,SF,MIN
203130,Darius,Johnson-Odom,,MIN
1629123,Jared,Terrell,,MIN
1629236,Jonathan,Stark,,MIN
1629541,Dairis,Bertans,,NOP
202703,Nikola,Mirotic,,NOP
203546,Ian,Clark,SG,NOP
101127,Jarrett,Jack,PG,NOP
203629,Garlon,Green,,NOP
202721,Darius,Morris,,NOP
1629000,Brandon,McCoy,,NOP
201582,Alexis,Ajinca,,NOP
1628656,Billy,Garrett,,NYK
1628439,Isaiah,Hicks,,NYK
1629352,Jeffrey,Coby,,NYK
203816,Scotty,Hopson,,OKC
1629093,Tyler,Davis,,OKC
101109,Raymond,Felton,PG,OKC
203909,KJ,McDaniels,,OKC
1628576,Bryce,Alford,,OKC
203518,Alex,Abrines,,OKC
204076,Richard,Solomon,,OKC
1629132,Braian,Angola-Rodas,,ORL
1628515,Isaiah,Briscoe,,ORL
202389,Timofey,Mozgov,C,ORL
203613,Jonathon,Simmons,SG,PHI
101161,Amir,Johnson,PF,PHI
2731,Emeka,Okafor,,PHI
1626148,Anthony,Brown,,PHI
201573,Jerryd,Bayless,,PHI
202690,Jimmer,Fredette,,PHX
1629150,Emanuel,Terry,,PHX
203112,Quincy,Acy,PF,PHX
1628393,Jawun,Evans,PG,PHX
201589,Darrell,Arthur,PF,PHX
203477,Isaiah,Canaan,,PHX
1628994,George,King,,PHX
1627735,Wade,Baldwin IV,,POR
1627778,Chinanu,Onuaku,,POR
1628610,Cody,Demps,,SAC
1627786,Troy,Williams,,SAC
1627649,Brandon,Austin,,SAC
203564,Kalin,Lucas,,SAC
1628503,Jamel,Artis,,SAC
201585,Kosta,Koufos,C,SAC
2216,Zach,Randolph,PF,SAC
202700,Donatas,Motiejunas,,SAS
201967,Dante,Cunningham,PF,SAS
203962,Josh,Huestis,PF,SAS
203910,Nick,Johnson,,SAS
202347,Quincy,Pondexter,SF,SAS
202391,Jeremy,Lin,PG,TOR
203485,Lorenzo,Brown,,TOR
1627781,Malachi,Richardson,,TOR
202328,Greg,Monroe,C,TOR
1628070,Jordan,Loyd,,TOR
202327,Ekpe,Udoh,C,UTA
1629131,Jairus,Lyles,,UTA
1628463,Tyler,Cavanaugh,,UTA
1627766,Isaiah,Cousins,,UTA
1629036,Isaac,Haas,,UTA
202325,Wesley,Johnson,SF,WAS
203098,John,Jenkins,,WAS
1627758,Ron,Baker,SG,WAS
1626155,Sam,Dekker,PF,WAS
1627855,Okaro,White,,WAS
201160,Jason,Smith,C,WAS
1629186,Tiwian,Kendley,,WAS
202730,Lavoy,Allen,PF,WAS
201975,Jodie,Meeks,SG,WAS
1626296,Jordan,Sibert,,ATL
1713,Vince,Carter,SF,ATL
1628769,Tahjere,McCall,,ATL
1629094,Marcus,Derrickson,,ATL
202718,Chandler,Parsons,,ATL
2037,Jamal,Crawford,SG,BKN
1629747,CJ,Massinburg,,BKN
202498,Lance,Thomas,PF,BKN
1629061,Deng,Adel,,BKN
201163,Wilson,Chandler,SF,BKN
1629786,John,Egbunu,,BKN
203710,C.J.,Williams,,BKN
1629232,Kaiser,Gates,,BOS
1628999,Yante,Maten,,BOS
1628424,Kobi,Simmons,,CHA
1629759,Ahmed,Hill,,CHA
1629147,Joe,Chealey,,CHA
1629616,Josh,Perkins,,CHA
1629118,Thomas,Welsh,,CHA
1629779,Justin,Simon,,CHI
1629825,Perrion,Callandret,,CHI
1628495,Milton,Doyle,,CHI
1627815,Sheldon,Mac,,CLE
1626218,Sir'Dominic,Pointer,,CLE
1629005,Malik,Newman,,CLE
1626185,Jarell,Martin,PF,CLE
1627772,Daniel,Hamilton,,CLE
1629122,J.P.,Macura,,CLE
1627790,Ante,Zizic,,CLE
1629151,Ryan,Broekhoff,SG,DAL
1629729,Josh,Reaves,,DAL
1628499,Antonius,Cleveland,,DAL
1629819,Yudai,Baba,,DAL
1629689,Aric,Holman,,DAL
200826,J.J.,Barea,PG,DAL
203089,John,Henson,C,DET
202688,Brandon,Knight,SG,DET
2207,Joe,Johnson,SF,DET
1629270,Todd,Withers,,DET
202951,Jeremy,Pargo,,GSW
1629800,Kavion,Pippen,,GSW
1626150,Andrew,Harrison,PG,GSW
203906,Devyn,Marble,,GSW
201601,Luc,Mbah a Moute,SF,HOU
1629070,Matur,Maker,,HOU
201583,Ryan,Anderson,PF,HOU
200757,Thabo,Sefolosha,SF,HOU
1628417,Jaron,Blossomgame,,HOU
203461,Anthony,Bennett,,HOU
2199,Tyson,Chandler,C,HOU
1626187,Michael,Frazier II,,HOU
2403,Nene,Hilario,,HOU
1627215,Walt,Lemon Jr.,,IND
1629721,JaKeenan,Gant,,IND
203912,C.J.,Wilcox,,IND
201149,Joakim,Noah,C,LAC
1629806,B.J.,Taylor,,LAC
1628476,Derrick,Walton Jr.,,LAC
1629615,James,Palmer Jr.,,LAC
1629055,Donte,Grantham,,LAC
1629097,Terry,Larrier,,LAC
2747,JR,Smith,,LAL
1629305,Marcus,Allen,,LAL
203687,Reggie,Hearn,,LAL
1627743,Demetrius,Jackson,,LAL
203584,Troy,Daniels,SG,LAL
204065,David,Stockton,,LAL
1628605,Dusty,Hannahs,,MEM
1628397,Ivan,Rabb,PF,MEM
203101,Miles,Plumlee,C,MEM
1629967,Skyler,Flatten,,MIA
204215,Bubu,Palo,,MIA
1628432,Davon,Reed,,MIA
1629734,Kyle,Alexander,,MIA
1629133,Daryl,Macon,,MIA
203079,Dion,Waiters,SG,MIA
101107,Marvin,Williams,PF,MIL
1627733,Dragan,Bender,PF,MIL
1629612,Luke,Maye,,MIL
2594,Kyle,Korver,SG,MIL
202323,Evan,Turner,SF,MIN
1628980,Jacob,Evans,,MIN
203459,Allen,Crabbe,SG,MIN
1628967,Tyus,Battle,,MIN
1629956,Barry,Brown,,MIN
1627820,Tyrone,Wallace,PG,MIN
1629818,Jordan,Murphy,,MIN
1629623,Lindell,Wigginton,,MIN
1629597,Zylan,Cheatham,,NOP
1629824,Jalen,Adams,,NOP
1629715,Javon,Bess,,NOP
1628448,Kavell,Bigby-Williams,,NOP
1627982,Josh,Gray,,NOP
1629019,Allonzo,Trier,SG,NYK
1628443,Kadeem,Allen,,NYK
1629609,Amir,Hinton,,NYK
1629722,V.J.,King,,NYK
1629777,Lamar,Peters,,NYK
1628987,Kevin,Hervey,,OKC
1629126,Deonte,Burton,SF,OKC
1628985,Devon,Hall,,OKC
1629152,DeVaughn,Akoon-Purcell,,OKC
203583,Abdul,Gaddy,,OKC
1627988,Myke,Henry,,OKC
203961,Eric,Moreland,PF,OKC
1629860,Jon,Davis,,ORL
1628982,Melvin,Frazier Jr.,,ORL
203705,Josh,Magette,,ORL
1629724,Vic,Law,,ORL
1629353,Isaac,Humphries,,ORL
1629755,Hassani,Gravett,,ORL
203124,Kyle,O'Quinn,C,PHI
1629015,Zhaire,Smith,,PHI
1629621,Marial,Shayok,,PHI
1629312,Haywood,Highsmith,,PHI
1629746,Christ,Koumadje,,PHI
1627776,Isaiah,Miles,,PHI
1628413,Jonah,Bolden,PF,PHX
1627767,Cheick,Diallo,PF,PHX
1629745,Tariq,Owens,,PHX
1629749,David,Kramer,,PHX
1629826,Norense,Odiase,,PHX
1626209,Mario,Hezonja,SF,POR
1628506,London,Perrantes,,POR
1628505,Troy,Caupain,,POR
2200,Pau,Gasol,C,POR
201147,Corey,Brewer,SF,SAC
203138,Hollis,Thompson,,SAC
1628399,Tyler,Lydon,,SAC
1628450,Eric,Mika,,SAC
1629753,Isaiah,Pineiro,,SAC
1628403,Caleb,Swanigan,,SAC
1627755,Tyler,Ulis,PG,SAC
201158,Marco,Belinelli,SG,SAS
201960,DeMarre,Carroll,SF,SAS
1629756,Daulton,Hommes,,SAS
1629664,Dedric,Lawson,,SAS
1629044,Shamorie,Ponds,,TOR
1626259,Malcolm,Miller,,TOR
1629608,Dewan,Hernandez,,TOR
1628996,Sagaba,Konate,,TOR
1628421,Devin,Robinson,,TOR
1627819,Isaiah,Taylor,PG,TOR
1627858,Kyle,Collinsworth,,UTA
1629625,Justin,Wright-Foreman,,UTA
1629742,Stanton,Kidd,,UTA
1629739,William,Howard,,UTA
1626144,Emmanuel,Mudiay,PG,UTA
203894,Shabazz,Napier,PG,WAS
1629140,Johnathan,Williams,,WAS
1627883,Jalen,Jones,,WAS
203895,Jordan,McRae,SG,WAS
1629203,Jemerrio,Jones,,WAS
1629595,Phil,Booth,,WAS
101133,Ian,Mahinmi,C,WAS
101139,CJ,Miles,,WAS
1629631,De'Andre,Hunter,SF,ATL
1628381,John,Collins,PF,ATL
203991,Clint,Capela,C,ATL
203992,Bogdan,Bogdanovic,,ATL
1629027,Trae,Young,PG,ATL
1629629,Cam,Reddish,SF,ATL
201568,Danilo,Gallinari,SF,ATL
1628989,Kevin,Huerter,SG,ATL
1628981,Bruno,Fernando,C,ATL
1629164,Brandon,Goodwin,PG,ATL
203524,Solomon,Hill,SF,ATL
1630233,Nathan,Knight,,ATL
1630219,Skylar,Mays,,ATL
1627739,Kris,Dunn,PG,ATL
1630168,Onyeka,Okongwu,C,ATL
203503,Tony,Snell,SG,ATL
1628455,Mike,James,,BKN
203460,Andre,Roberson,SF,BKN
202697,Iman,Shumpert,SG,BKN
1629059,Elie,Okobo,PG,BKN
203925,Joe,Harris,SG,BKN
201142,Kevin,Durant,PF,BKN
201599,DeAndre,Jordan,C,BKN
203915,Spencer,Dinwiddie,PG,BKN
202681,Kyrie,Irving,PG,BKN
1629013,Landry,Shamet,SG,BKN
201145,Jeff,Green,PF,BKN
1629617,Reggie,Perry,,BKN
1627789,Timothe,Luwawu-Cabarrot,,BKN
204020,Tyler,Johnson,PG,BKN
1629185,Chris,Chiozza,,BKN
1628971,Bruce,Brown,SG,BKN
1629651,Nic,Claxton,,BKN
1627759,Jaylen,Brown,SF,BOS
1628369,Jayson,Tatum,SF,BOS
1629057,Robert,Williams III,,BOS
203935,Marcus,Smart,SG,BOS
1629605,Tacko,Fall,,BOS
1629684,Grant,Williams,PF,BOS
1630202,Payton,Pritchard,SG,BOS
1628400,Semi,Ojeleye,PF,BOS
1630174,Aaron,Nesmith,SF,BOS
1629035,Carsen,Edwards,SG,BOS
1629682,Tremont,Waters,,BOS
1628518,Amile,Jefferson,,BOS
1629641,Romeo,Langford,,BOS
202684,Tristan,Thompson,C,BOS
202689,Kemba,Walker,PG,BOS
202330,Gordon,Hayward,SF,CHA
1629023,P.J.,Washington,PF,CHA
203469,Cody,Zeller,C,CHA
1626179,Terry,Rozier,PG,CHA
1628984,Devonte',Graham,PG,CHA
1628970,Miles,Bridges,SF,CHA
202687,Bismack,Biyombo,C,CHA
1630163,LaMelo,Ball,PG,CHA
1628998,Cody,Martin,SF,CHA
1628997,Caleb,Martin,SF,CHA
1629667,Jalen,McDaniels,SF,CHA
1630208,Nick,Richards,,CHA
1630203,Grant,Riller,,CHA
1630270,Xavier,Sneed,,CHA
1630268,Nate,Darling,,CHA
1630176,Vernon,Carey Jr.,,CHA
1630269,Keandre,Cook,,CHA
1629602,Javin,DeLaurier,,CHA
1628370,Malik,Monk,SG,CHA
1630232,Kahlil,Whitney,,CHA
1628464,Daniel,Theis,C,CHI
1629750,Javonte,Green,SG,CHI
1628374,Lauri,Markkanen,PF,CHI
203897,Zach,LaVine,SG,CHI
1629632,Coby,White,PG,CHI
203107,Tomas,Satoransky,,CHI
1630172,Patrick,Williams,PF,CHI
1628436,Luke,Kornet,PF,CHI
1627853,Ryan,Arcidiacono,PG,CHI
203943,Noah,Vonleh,PF,CHI
1629653,Devon,Dotson,,CHI
1629668,Zach,Norvell Jr.,,CHI
1626245,Cristiano,Felicio,,CHI
1629690,Adam,Mokoka,,CHI
1629679,Simisola,Shittu,,CHI
202066,Garrett,Temple,SG,CHI
1627756,Denzel,Valentine,SG,CHI
201152,Thaddeus,Young,PF,CHI
2760,Anderson,Varejao,C,CLE
1629725,Jeremiah,Martin,,CLE
1627752,Taurean,Prince,SF,CLE
1628386,Jarrett,Allen,C,CLE
1626224,Cedi,Osman,SF,CLE
201567,Kevin,Love,PF,CLE
1630171,Isaac,Okoro,SG,CLE
1629636,Darius,Garland,SG,CLE
1626204,Larry,Nance Jr.,PF,CLE
1627748,Thon,Maker,C,CLE
1628422,Damyean,Dotson,SG,CLE
1629685,Dylan,Windler,,CLE
1629716,Marques,Bolden,,CLE
203521,Matthew,Dellavedova,PG,CLE
1629731,Dean,Wade,PF,CLE
1629666,Charles,Matthews,,CLE
1629760,Matt,Mooney,,CLE
1626260,Levi,Randolph,,CLE
1629012,Collin,Sexton,PG,CLE
1630205,Lamar,Stevens,PF,CLE
203501,Tim,Hardaway Jr.,SG,DAL
1627827,Dorian,Finney-Smith,PF,DAL
203939,Dwight,Powell,C,DAL
1626196,Josh,Richardson,SG,DAL
1629029,Luka,Doncic,,DAL
1628973,Jalen,Brunson,PG,DAL
1628467,Maxi,Kleber,PF,DAL
1630182,Josh,Green,SG,DAL
203504,Trey,Burke,PG,DAL
1626161,Willie,Cauley-Stein,C,DAL
1626246,Boban,Marjanovic,,DAL
1630179,Tyrell,Terry,,DAL
1630207,Nate,Hinton,,DAL
1630189,Tyler,Bey,,DAL
201584,Courtney,Lee,SG,DAL
204001,Kristaps,Porzingis,C,DAL
201580,JaVale,McGee,C,DEN
200794,Paul,Millsap,PF,DEN
1629008,Michael,Porter Jr.,SF,DEN
203999,Nikola,Jokic,C,DEN
1627750,Jamal,Murray,SG,DEN
1628420,Monte,Morris,PG,DEN
203210,JaMychal,Green,PF,DEN
1628408,P.J.,Dozier,,DEN
1630267,Facundo,Campazzo,PG,DEN
1628392,Isaiah,Hartenstein,C,DEN
1630192,Zeke,Nnaji,PF,DEN
1629626,Bol,Bol,,DEN
1628427,Vlatko,Cancar,,DEN
203115,Will,Barton,SG,DEN
1630210,Markus,Howard,SG,DEN
204222,Greg,Whittington,,DEN
203924,Jerami,Grant,PF,DET
201933,Blake,Griffin,PF,DET
203486,Mason,Plumlee,C,DET
1630165,Killian,Hayes,,DET
1628367,Josh,Jackson,SF,DET
1629635,Sekou,Doumbouya,PF,DET
1626143,Jahlil,Okafor,C,DET
201961,Wayne,Ellington,SG,DET
1630180,Saddiq,Bey,SF,DET
1630240,Saben,Lee,PG,DET
1630191,Isaiah,Stewart,C,DET
203585,Rodney,McGruder,SG,DET
1629071,LiAngelo,Ball,,DET
1629058,Dzanan,Musa,,DET
1629686,Deividas,Sirvydis,,DET
1627780,Gary,Payton II,,GSW
1629672,Eric,Paschall,PF,GSW
203952,Andrew,Wiggins,SF,GSW
1626172,Kevon,Looney,C,GSW
1626162,Kelly,Oubre Jr.,SF,GSW
201939,Stephen,Curry,PG,GSW
203145,Kent,Bazemore,SF,GSW
1627737,Marquese,Chriss,PF,GSW
1629673,Jordan,Poole,SG,GSW
1629308,Juan,Toscano-Anderson,SG,GSW
202954,Brad,Wanamaker,PG,GSW
1629346,Alen,Smailagic,,GSW
1627814,Damion,Lee,SG,GSW
1628539,Mychal,Mulder,PG,GSW
1630185,Nico,Mannion,,GSW
1629700,Kaleb,Wesson,,GSW
1630263,Dwayne,Sutton,,GSW
203110,Draymond,Green,PF,GSW
202691,Klay,Thompson,SG,GSW
1630164,James,Wiseman,C,GSW
1628419,Cameron,Oliver,,HOU
1629017,Khyri,Thomas,,HOU
1629717,Armoni,Brooks,,HOU
1629645,Kevin,Porter Jr.,SF,HOU
1630237,Anthony,Lamb,,HOU
1629034,Ray,Spalding,,HOU
203957,Dante,Exum,PG,HOU
1626174,Christian,Wood,PF,HOU
1627863,Danuel,House Jr.,SF,HOU
1630256,Jae'Sean,Tate,SF,HOU
201569,Eric,Gordon,SG,HOU
202322,John,Wall,PG,HOU
1628021,David,Nwaba,SG,HOU
1629598,Chris,Clemons,,HOU
203998,Bruno,Caboclo,,HOU
101123,Gerald,Green,SF,HOU
1626170,Jerian,Grant,PG,HOU
1630271,Brodric,Thomas,,HOU
1630231,Kenyon,Martin Jr.,SF,HOU
1629624,Kenny,Wooten,,HOU
1630243,Trevelin,Queen,,HOU
1628425,Sterling,Brown,SG,HOU
201935,James,Harden,PG,HOU
1627747,Caris,LeVert,SF,IND
1628988,Aaron,Holiday,PG,IND
1627734,Domantas,Sabonis,PF,IND
1626167,Myles,Turner,C,IND
1627763,Malcolm,Brogdon,SG,IND
203200,Justin,Holiday,SG,IND
203926,Doug,McDermott,SF,IND
204456,T.J.,McConnell,PG,IND
1628410,Edmond,Sumner,SG,IND
1630199,Cassius,Stanley,,IND
1629103,Kelan,Martin,,IND
203960,JaKarr,Sampson,,IND
1630262,Rayshaun,Hammonds,,IND
1629048,Goga,Bitadze,C,IND
1628968,Brian,Bowen II,,IND
1628578,Amida,Brimah,,IND
203087,Jeremy,Lamb,SG,IND
1629665,Jalen,Lecque,,IND
1628513,Naz,Mitrou-Long,,IND
203933,T.J.,Warren,SF,IND
1627812,Yogi,Ferrell,PG,LAC
202326,DeMarcus,Cousins,C,LAC
200765,Rajon,Rondo,PG,LAC
202695,Kawhi,Leonard,SF,LAC
201587,Nicolas,Batum,SG,LAC
201586,Serge,Ibaka,PF,LAC
202331,Paul,George,SF,LAC
201976,Patrick,Beverley,SG,LAC
202704,Reggie,Jackson,PG,LAC
101150,Lou,Williams,SG,LAC
1628379,Luke,Kennard,SG,LAC
1627826,Ivica,Zubac,C,LAC
202335,Patrick,Patterson,PF,LAC
1629611,Terance,Mann,SF,LAC
1629599,Amir,Coffey,SG,LAC
1630187,Daniel,Oturu,,LAC
1629065,Ky,Bowman,PG,LAC
1630259,Jordan,Ford,,LAC
1630238,Malik,Fitts,,LAC
202694,Marcus,Morris Sr.,,LAC
1630206,Jay,Scrubb,,LAC
203463,Ben,McLemore,SG,LAL
203083,Andre,Drummond,C,LAL
1629659,Talen,Horton-Tucker,SG,LAL
1628398,Kyle,Kuzma,PF,LAL
1626149,Montrezl,Harrell,C,LAL
202083,Wesley,Matthews,SG,LAL
203471,Dennis,Schroder,,LAL
1627936,Alex,Caruso,PG,LAL
1626188,Quinn,Cook,PG,LAL
1629719,Devontae,Cacok,,LAL
1628961,Kostas,Antetokounmpo,,LAL
203484,Kentavious,Caldwell-Pope,SG,LAL
203076,Anthony,Davis,C,LAL
201162,Jared,Dudley,PF,LAL
201188,Marc,Gasol,C,LAL
2544,LeBron,James,SF,LAL
1628035,Alfonzo,McKinnie,SF,LAL
202693,Markieff,Morris,PF,LAL
204025,Tim,Frazier,PG,MEM
1629783,Shaq,Buchanan,,MEM
1629594,Bennie,Boatwright,,MEM
1628991,Jaren,Jackson Jr.,PF,MEM
1629007,Jontay,Porter,,MEM
1629681,Killian,Tillie,,MEM
1629634,Brandon,Clarke,PF,MEM
1626159,Justise,Winslow,PF,MEM
1628960,Grayson,Allen,SG,MEM
203937,Kyle,Anderson,SF,MEM
202685,Jonas,Valanciunas,,MEM
1628415,Dillon,Brooks,SF,MEM
1629630,Ja,Morant,PG,MEM
1629001,De'Anthony,Melton,PG,MEM
1629723,John,Konchar,SG,MEM
1626145,Tyus,Jones,PG,MEM
1630217,Desmond,Bane,SG,MEM
1630214,Xavier,Tillman,,MEM
1630253,Sean,McDermott,,MEM
1629958,Ahmad,Caver,,MEM
1630261,Jahlil,Tripp,,MEM
1629741,Marko,Guduric,SG,MEM
203473,Dewayne,Dedmon,C,MIA
203506,Victor,Oladipo,SG,MIA
1629130,Duncan,Robinson,SG,MIA
1628389,Bam,Adebayo,C,MIA
1629639,Tyler,Herro,SG,MIA
1629134,Kendrick,Nunn,PG,MIA
1629644,KZ,Okpala,PF,MIA
203086,Meyers,Leonard,PF,MIA
1629622,Max,Strus,SF,MIA
202340,Avery,Bradley,SG,MIA
1630173,Precious,Achiuwa,PF,MIA
1629168,BJ,Johnson,,MIA
1630254,Breein,Tyree,,MIA
202710,Jimmy,Butler,SF,MIA
201609,Goran,Dragic,,MIA
1630220,Paul,Eboua,,MIA
2617,Udonis,Haslem,,MIA
2738,Andre,Iguodala,SF,MIA
203482,Kelly,Olynyk,C,MIA
1629216,Gabe,Vincent,PG,MIA
1629091,Elijah,Bryant,,MIL
201952,Jeff,Teague,PG,MIL
1629066,Rodions,Kurucs,SF,MIL
200782,P.J.,Tucker,SF,MIL
1626253,Axel,Toupane,,MIL
203114,Khris,Middleton,SF,MIL
203507,Giannis,Antetokounmpo,SF,MIL
201572,Brook,Lopez,C,MIL
1628978,Donte,DiVincenzo,SG,MIL
201950,Jrue,Holiday,PG,MIL
1626171,Bobby,Portis,PF,MIL
1627854,Bryn,Forbes,SG,MIL
203648,Thanasis,Antetokounmpo,SF,MIL
201571,D.J.,Augustin,PG,MIL
1626192,Pat,Connaughton,SG,MIL
1628391,D.J.,Wilson,PF,MIL
1629670,Jordan,Nwora,,MIL
1630241,Sam,Merrill,,MIL
1629121,Jaylen,Adams,,MIL
1629603,Mamadi,Diakite,,MIL
1626203,Treveon,Graham,SG,MIL
1630272,EJ,Montgomery,,MIL
1628383,Justin,Patton,,MIL
203917,Nik,Stauskas,SG,MIL
1629162,Jordan,McLaughlin,PG,MIN
1629006,Josh,Okogie,SG,MIN
1627774,Jake,Layman,SF,MIN
1626157,Karl-Anthony,Towns,C,MIN
1627736,Malik,Beasley,SG,MIN
1626156,D'Angelo,Russell,PG,MIN
1630162,Anthony,Edwards,SG,MIN
201937,Ricky,Rubio,PG,MIN
202334,Ed,Davis,PF,MIN
1627823,Juancho,Hernangomez,,MIN
1629633,Jarrett,Culver,SG,MIN
1629669,Jaylen,Nowell,SG,MIN
1629020,Jarred,Vanderbilt,PF,MIN
1630183,Jaden,McDaniels,PF,MIN
1629076,Tyler,Cook,,MIN
1630204,Ashton,Hagans,,MIN
1630278,Ade,Murkey,,MIN
1629675,Naz,Reid,C,MIN
1629712,Didi,Louzada,,NOP
203263,James,Nunnally,,NOP
202738,Isaiah,Thomas,PG,NOP
1628411,Wes,Iwundu,SF,NOP
201949,James,Johnson,PF,NOP
1627742,Brandon,Ingram,SF,NOP
1629627,Zion,Williamson,PF,NOP
203500,Steven,Adams,C,NOP
1628404,Josh,Hart,SG,NOP
1628366,Lonzo,Ball,PG,NOP
1629637,Jaxson,Hayes,C,NOP
1629638,Nickeil,Alexander-Walker,SG,NOP
1629740,Nicolo,Melli,,NOP
1630184,Kira,Lewis Jr.,PG,NOP
1628959,Rawle,Alkins,,NOP
1628387,Ike,Anigbogu,,NOP
202339,Eric,Bledsoe,PG,NOP
1628974,Tony,Carr,,NOP
1629117,Wenyen,Gabriel,,NOP
1626195,Willy,Hernangomez,,NOP
1630266,Will,Magnay,,NOP
1630230,Naji,Marshall,,NOP
200755,JJ,Redick,,NOP
1627784,Jarrod,Uthoff,,NOP
201565,Derrick,Rose,PG,NYK
201959,Taj,Gibson,PF,NYK
1629596,Bryce,Brown,,NYK
1629628,RJ,Barrett,SG,NYK
203944,Julius,Randle,PF,NYK
203457,Nerlens,Noel,C,NYK
202692,Alec,Burks,SG,NYK
203901,Elfrid,Payton,PG,NYK
1629011,Mitchell,Robinson,C,NYK
1628372,Dennis,Smith Jr.,PG,NYK
1630167,Obi,Toppin,PF,NYK
1628995,Kevin,Knox II,,NYK
1628373,Frank,Ntilikina,PG,NYK
203493,Reggie,Bullock,SF,NYK
1629607,Jared,Harper,,NYK
203077,Michael,Kidd-Gilchrist,SF,NYK
1627746,Skal,Labissiere,,NYK
1629033,Theo,Pinson,,NYK
1629619,Myles,Powell,,NYK
1630193,Immanuel,Quickley,PG,NYK
203085,Austin,Rivers,SG,NYK
1629016,Omari,Spellman,PF,NYK
1630466,Gabriel,Deck,,OKC
1629718,Charlie,Brown Jr.,,OKC
1629658,Jaylen,Hoard,,OKC
1629620,Justin,Robinson,,OKC
1629004,Svi,Mykhailiuk,SF,OKC
1628382,Justin,Jackson,SF,OKC
1629647,Darius,Bazley,PF,OKC
201143,Al,Horford,C,OKC
2772,Trevor,Ariza,SF,OKC
1630221,Josh,Hall,,OKC
1629660,Ty,Jerome,,OKC
203121,Darius,Miller,SF,OKC
1628983,Shai,Gilgeous-Alexander,PG,OKC
1629676,Isaiah,Roby,PF,OKC
203488,Mike,Muscala,C,OKC
1628977,Hamidou,Diallo,SG,OKC
1629026,Kenrich,Williams,SF,OKC
1630177,Theo,Maledon,,OKC
1628402,Frank,Jackson,PG,OKC
1630197,Aleksej,Pokusevski,PF,OKC
1629678,Admiral,Schofield,,OKC
1629650,Moses,Brown,C,OKC
1629652,Luguentz,Dort,SG,OKC
1628414,Sindarius,Thornwell,SG,ORL
203914,Gary,Harris,SG,ORL
203490,Otto,Porter Jr.,SF,ORL
1630181,R.J.,Hampton,SG,ORL
1628976,Wendell,Carter Jr.,C,ORL
1626184,Chasson,Randle,PG,ORL
1628412,Frank,Mason III,PG,ORL
1628407,Dwayne,Bacon,SG,ORL
203932,Aaron,Gordon,SF,ORL
202696,Nikola,Vucevic,,ORL
203095,Evan,Fournier,SG,ORL
1628365,Markelle,Fultz,PG,ORL
203487,Michael,Carter-Williams,PG,ORL
1630175,Cole,Anthony,PG,ORL
1629962,Devin,Cannady,,ORL
1629643,Chuma,Okeke,PF,ORL
1629606,Robert,Franks,,ORL
1630211,Karim,Mane,,ORL
1629648,Jordan,Bone,,ORL
1630257,Jon,Teske,,ORL
202329,Al-Farouq,Aminu,PF,ORL
1628964,Mo,Bamba,C,ORL
203516,James,Ennis III,SF,ORL
1628371,Jonathan,Isaac,PF,ORL
203082,Terrence,Ross,SF,ORL
1629109,Gary,Clark,PF,PHI
201588,George,Hill,PG,PHI
201229,Anthony,Tolliver,PF,PHI
1630222,Mason,Jones,,PHI
1629649,Ignas,Brazdeikis,,PHI
1629730,Rayjon,Tucker,,PHI
201980,Danny,Green,SG,PHI
202699,Tobias,Harris,PF,PHI
203954,Joel,Embiid,C,PHI
203552,Seth,Curry,PG,PHI
1627732,Ben,Simmons,PG,PHI
1629003,Shake,Milton,SG,PHI
1627788,Furkan,Korkmaz,SG,PHI
2730,Dwight,Howard,C,PHI
203118,Mike,Scott,PF,PHI
1629680,Matisse,Thybulle,SG,PHI
1628396,Tony,Bradley,C,PHI
1630178,Tyrese,Maxey,SG,PHI
1629751,Dakota,Mathias,,PHI
1626147,Justin,Anderson,SF,PHI
1630198,Isaiah,Joe,SG,PHI
1629738,Vincent,Poirier,,PHI
1628390,Terrance,Ferguson,SG,PHI
1630194,Paul,Reed,,PHI
1628470,Torrey,Craig,SF,PHX
1628969,Mikal,Bridges,SF,PHX
1629661,Cameron,Johnson,PF,PHX
1629028,Deandre,Ayton,C,PHX
1626164,Devin,Booker,SG,PHX
1626166,Cameron,Payne,PG,PHX
1630188,Jalen,Smith,,PHX
1628975,Jevon,Carter,PG,PHX
202734,E'Twaun,Moore,SG,PHX
1627846,Abdel,Nader,SF,PHX
204038,Langston,Galloway,PG,PHX
1628405,Johnathan,Motley,,PHX
1630234,Ty-Shon,Alexander,,PHX
203109,Jae,Crowder,SF,PHX
101108,Chris,Paul,PG,PHX
203967,Dario,Saric,,PHX
1628388,T.J.,Leaf,PF,POR
1626178,Rondae,Hollis-Jefferson,SF,POR
203496,Robert,Covington,SF,POR
1627884,Derrick,Jones Jr.,SF,POR
202683,Enes,Freedom,C,POR
203468,CJ,McCollum,SG,POR
203081,Damian,Lillard,PG,POR
2546,Carmelo,Anthony,SF,POR
1629014,Anfernee,Simons,SG,POR
1628385,Harry,Giles III,,POR
1629604,CJ,Elleby,,POR
1629833,Keljin,Blevins,,POR
1628380,Zach,Collins,C,POR
1629642,Nassir,Little,PF,POR
203994,Jusuf,Nurkic,,POR
1629663,Louis,King,,SAC
1627745,Damian,Jones,C,SAC
1626153,Delon,Wright,PG,SAC
203090,Maurice,Harkless,SF,SAC
1629735,Chris,Silva,PF,SAC
1629662,Mfiondu,Kabengele,PF,SAC
203658,Norvel,Pelle,,SAC
1629053,Vincent,Edwards,,SAC
203084,Harrison,Barnes,PF,SAC
1626158,Richaun,Holmes,C,SAC
202357,Nemanja,Bjelica,PF,SAC
1627741,Buddy,Hield,SG,SAC
1628368,De'Aaron,Fox,PG,SAC
1629610,DaQuan,Jeffries,,SAC
203953,Jabari,Parker,PF,SAC
1630169,Tyrese,Haliburton,PG,SAC
202709,Cory,Joseph,PG,SAC
203922,Glenn,Robinson III,SF,SAC
1626163,Frank,Kaminsky,C,SAC
1629713,Justin,James,SF,SAC
1629657,Kyle,Guy,,SAC
1630218,Robert,Woodard II,,SAC
1629002,Chimezie,Metu,C,SAC
1630186,Jahmi'us,Ramsey,,SAC
1628963,Marvin,Bagley III,PF,SAC
202355,Hassan,Whiteside,C,SAC
203476,Gorgui,Dieng,PF,SAS
1629640,Keldon,Johnson,SF,SAS
1629683,Quinndary,Weatherspoon,,SAS
1628401,Derrick,White,PG,SAS
200752,Rudy,Gay,PF,SAS
200746,LaMarcus,Aldridge,PF,SAS
1627751,Jakob,Poeltl,C,SAS
201942,DeMar,DeRozan,SG,SAS
1627749,Dejounte,Murray,PG,SAS
1626168,Trey,Lyles,PF,SAS
201988,Patty,Mills,PG,SAS
1629022,Lonnie,Walker IV,SG,SAS
1630170,Devin,Vassell,SF,SAS
1628966,Keita,Bates-Diop,PF,SAS
1629677,Luka,Samanic,,SAS
1629244,Cameron,Reynolds,,SAS
1630200,Tre,Jones,PG,SAS
1629234,Drew,Eubanks,C,SAS
203092,Tyler,Zeller,C,SAS
203920,Khem,Birch,C,TOR
1630273,Freddie,Gillespie,,TOR
1629018,Gary,Trent Jr.,SF,TOR
203918,Rodney,Hood,SG,TOR
1629743,Donta,Hall,,TOR
1628384,OG,Anunoby,SF,TOR
1627783,Pascal,Siakam,PF,TOR
203382,Aron,Baynes,C,TOR
1626181,Norman,Powell,SG,TOR
1627832,Fred,VanVleet,PG,TOR
1628449,Chris,Boucher,C,TOR
1629056,Terence,Davis,SG,TOR
1630201,Malachi,Flynn,PG,TOR
1629139,Yuta,Watanabe,SF,TOR
1627761,DeAndre',Bembry,SG,TOR
1628778,Paul,Watson,,TOR
1626169,Stanley,Johnson,SF,TOR
1627740,Henry,Ellenson,,TOR
1630223,Jalen,Harris,,TOR
1628993,Alize,Johnson,,TOR
1629052,Oshae,Brissett,,TOR
200768,Kyle,Lowry,PG,TOR
1627775,Patrick,McCaw,SG,TOR
1629744,Matt,Thomas,SG,UTA
101141,Ersan,Ilyasova,,UTA
1630286,Trevon,Scott,,UTA
202711,Bojan,Bogdanovic,,UTA
1627777,Georges,Niang,PF,UTA
203497,Rudy,Gobert,C,UTA
204060,Joe,Ingles,SF,UTA
1628378,Donovan,Mitchell,SG,UTA
203903,Jordan,Clarkson,SG,UTA
1629671,Miye,Oni,SG,UTA
1629752,Juwan,Morgan,,UTA
202324,Derrick,Favors,PF,UTA
1628430,Nigel,Williams-Goss,,UTA
1629714,Jarrell,Brantley,,UTA
1628962,Udoka,Azubuike,,UTA
1630190,Elijah,Hughes,,UTA
1630235,Trent,Forrest,,UTA
1630255,Jake,Toolson,,UTA
1629129,Trevon,Bluiett,,UTA
201144,Mike,Conley,PG,UTA
1630265,Romaro,Gill,,UTA
1627885,Shaquille,Harrison,SG,UTA
1626220,Royce,O'Neale,SF,UTA
1629655,Daniel,Gafford,C,WAS
1628990,Chandler,Hutchison,SF,WAS
203458,Alex,Len,C,WAS
1628395,Jordan,Bell,C,WAS
1630166,Deni,Avdija,SF,WAS
1629060,Rui,Hachimura,PF,WAS
1628418,Thomas,Bryant,C,WAS
1628972,Troy,Brown Jr.,SF,WAS
203526,Raul,Neto,PG,WAS
1630216,Cassius,Winston,,WAS
1629067,Isaac,Bonga,SF,WAS
1629021,Moritz,Wagner,C,WAS
1629726,Garrison,Mathews,SG,WAS
201577,Robin,Lopez,C,WAS
1630264,Anthony,Gill,,WAS
1630258,Caleb,Homesley,,WAS
1630260,Marlon,Taylor,,WAS
1630213,Yoeli,Childs,,WAS
1628394,Anzejs,Pasecniks,,WAS
203078,Bradley,Beal,SG,WAS
202722,Davis,Bertans,,WAS
1629010,Jerome,Robinson,SG,WAS
202397,Ish,Smith,PG,WAS
201566,Russell,Westbrook,PG,WAS
